21,encenc,passpass,logg,$2a$14$GWRey7hGDHh2UJwgBG4PL.JbPZUBamFV4ACkHcgxZ2pHTy20Kiky2,8080435,arr@yandex.ru,02.10.2022,ContentMaker
22,encenc2,passpass2,logg2,$2a$14$E5XoaCo5ME59Av0WdkG.gegGgURDy9ESY41xu5tR7xijo85x86YES,8080435,arr@yandex.ru,02.10.2022,ContentMaker
23,encenc3,passpass3,logg3,$2a$14$8StIDLlffyP9rvfWBcJRRe3.adK8iRfmYp6Xk4zVYclqb5vvPlE..,8080435,arr@yandex.ru,02.10.2022,ContentMaker
24,encenc4,passpass4,logg4,$2a$14$oLWya3htIgxOBOj1L67Eoe/74kE9fiq.JwPn6cvntxeZmXlogRlTG,8080435,arr@yandex.ru,02.10.2022,ContentMaker
25,encenc5,passpass5,logg5,$2a$14$lZm01YtTcdJ31Ec/Z.cHWuNFxhISWc1vsHSGtPLVHH7lCOJlPhs4q,8080435,arr@yandex.ru,02.10.2022,Admin
26,encenc6,passpass6,logg6,$2a$14$.dtRGNkA83271WZAlGa2euEE2nwoCyCl2ASBbe/rztkLRJ/oXBEuW,8080435,arr@yandex.ru,02.10.2022,Admin
27,encenc10,passpass10,logg10,$2a$14$8gYdHPfs8ourHlbR80ztDedVollIXUZmOlPPQ8GN4kpO88.V3/PNW,8080435,arr@yandex.ru,02.10.2022,User
28,encenc,passpass,logging,$2a$14$t/wWkmK/u0x5rWD3TtDX.O/yipy.NIDyGKjbn3kx4sZkvjh4DM6/G,8080435,arr@yandex.ru,02.10.2022,User
29,encedsfnc,passsfdspass,loggisdfsng,$2a$14$2oOM09Usd80i7f.mtQzyfeuhK61WE75dNiSy3mPTqIwgQyHWk5tf2,8080435,arr@yandex.ru,02.10.2022,User
30,encedsfntc,passsfdsptass,loggisdfstng,$2a$14$o2bQAnq6ec3fi89PIU/lI.PnYg7Uh.oWmQDeSUESCuZDdrF8erLRm,80804535,arr@yandexx.ru,02.10.2022,User
31,encedsfnstc,passsfdsptsass,loggisdfstng,$2a$14$FP96WNIwdeBnWMy/z6EGa.WaWScrffn3OOuNg17.eWNOwTXzYc8uq,80804535,arr@yandexx.ru,02.10.2022,User
32,Anton,Antonov,anton1510,$2a$14$QVdV3rIcaZcl4H/FWWuwNuPEbFrCPRsTek1/ijdSECQDKfntA/6/G,80804535,ant@yandexx.ru,15.10.2022,User
33,Anton,Antonov,anton1510,$2a$14$8dbZnA9xAm27StQ7jWXHgO.sPsvk9Wxn.bKk0ReAizXvQYt6mkufm,80804535,ant@yandexx.com,15.10.2022,User
